<?xml version="1.0" encoding="utf-8" ?>
<dwsync>
<file name="blog.html" local="129460732660000000" remote="129564583800000000" testing="0" />
<file name="gallery-open.html" local="129457977120000000" remote="129564584400000000" testing="0" />
<file name="gallery.html" local="129455513800000000" remote="129564584400000000" testing="0" />
<file name="history.php" local="129522926977075456" remote="129564584400000000" testing="0" />
<file name="homepage.html" local="129516063189970679" remote="129564584400000000" testing="0" />
<file name="index.htm" local="129564581939375000" remote="129564585000000000" testing="0" />
<file name="index2a.php" local="129522904629867269" remote="129564585000000000" testing="0" />
<file name="index3.php" local="129527531425157500" remote="129564585000000000" testing="0" />
<file name="post.html" local="129516062354592898" remote="129564585000000000" testing="0" />
<file name="shortcodes-buttons.html" local="129460735760000000" remote="129564585000000000" testing="0" />
<file name="shortcodes-contact-form.html" local="129460736060000000" remote="129564585000000000" testing="0" />
<file name="shortcodes-layouts.html" local="129460736420000000" remote="129564585000000000" testing="0" />
<file name="shortcodes-lists.html" local="129460736660000000" remote="129564585000000000" testing="0" />
<file name="shortcodes-quotes.html" local="129460736920000000" remote="129564585000000000" testing="0" />
<file name="shortcodes-spacers.html" local="129460737280000000" remote="129564585000000000" testing="0" />
<file name="_template_full-width.php" local="129522937422612907" remote="129564585000000000" testing="0" />
<file name="_template_one-column-view.php" local="129522928169453657" remote="129564585000000000" testing="0" />
<file name="_template_shortcodes-contact-form_noRightSideAds.php" local="129522934077711590" remote="129564585000000000" testing="0" />
<file name="_template_shortcodes-contact-form_RightSideAds.php" local="129522930124175460" remote="129564585000000000" testing="0" />
<file name="_template_three-column-view.php" local="129522928853642790" remote="129564585000000000" testing="0" />
<file name="_template_two-column-view.php" local="129522929088526225" remote="129564585000000000" testing="0" />
<file name="index.php" local="129564585000000000" remote="129564585600000000" testing="0" />
<file name="_AAcreate_Officers.php" local="129578565510781250" remote="129578565600000000" testing="0" />
<file name="_AAcreate_Officers2.php" local="129578581155468750" remote="129578581200000000" testing="0" />
<file name="_AAcreate_Officers3.php" local="129578596301406250" remote="129622437600000000" testing="0" />
<file name="_AAcreate_Newsletters.php" local="129578615376093750" remote="129578615400000000" testing="0" />
<file name="board-directors.php" local="129622491763593750" remote="129622491600000000" testing="0" />
<file name="_template_four-column-view.php" local="129622452226718750" remote="129622452000000000" testing="0" />
</dwsync>