<?xml version="1.0" encoding="utf-8" ?>
<dwsync>
<file name="code-bg.png" local="129434841560000000" remote="129564584400000000" testing="0" />
<file name="blockquote-quotation-mark-t-bg.png" local="129437538700000000" remote="129564584400000000" testing="0" />
<file name="blockquote-quotation-mark-b-bg.png" local="129437539040000000" remote="129564584400000000" testing="0" />
<file name="blockquote-curly-brackets-tl-bg.png" local="129437552300000000" remote="129564584400000000" testing="0" />
<file name="blockquote-curly-brackets-tr-bg.png" local="129437560740000000" remote="129564584400000000" testing="0" />
<file name="blockquote-curly-brackets-ml-bg.png" local="129437555800000000" remote="129564584400000000" testing="0" />
<file name="blockquote-curly-brackets-mr-bg.png" local="129437557540000000" remote="129564584400000000" testing="0" />
<file name="blockquote-curly-brackets-bl-bg.png" local="129437552660000000" remote="129564584400000000" testing="0" />
<file name="blockquote-curly-brackets-br-bg.png" local="129437561660000000" remote="129564584400000000" testing="0" />
<file name="blockquote-quotation-icon-bg.png" local="129437564580000000" remote="129564584400000000" testing="0" />
<file name="comment-input-text-bg.png" local="129391754660000000" remote="129564583800000000" testing="0" />
<file name="comment-textarea-t-bg.png" local="129391758400000000" remote="129564583800000000" testing="0" />
<file name="comment-textarea-b-bg.png" local="129391762600000000" remote="129564583800000000" testing="0" />
<file name="shortcode-spacer-dashed.png" local="129368371320000000" remote="129564584400000000" testing="0" />
<file name="shortcode-spacer-thick-dashed.png" local="129434856960000000" remote="129564584400000000" testing="0" />
<file name="shortcode-spacer-rope.png" local="129434859800000000" remote="129564584400000000" testing="0" />
<file name="shortcode-spacer-cross.png" local="129434865320000000" remote="129564584400000000" testing="0" />
<file name="shortcode-spacer-chain.png" local="129434867280000000" remote="129564584400000000" testing="0" />
<file name="shortcode-spacer-rosary.png" local="129434869460000000" remote="129564584400000000" testing="0" />
<file name="btn-1-blue-l-bg.png" local="129452920940000000" remote="129564584400000000" testing="0" />
<file name="btn-1-blue-m-bg.png" local="129452921280000000" remote="129564584400000000" testing="0" />
<file name="btn-1-blue-r-bg.png" local="129452921060000000" remote="129564584400000000" testing="0" />
<file name="btn-1-orange-l-bg.png" local="129453922800000000" remote="129564584400000000" testing="0" />
<file name="btn-1-orange-m-bg.png" local="129453923340000000" remote="129564584400000000" testing="0" />
<file name="btn-1-orange-r-bg.png" local="129453922980000000" remote="129564584400000000" testing="0" />
<file name="btn-1-red-l-bg.png" local="129453925540000000" remote="129564584400000000" testing="0" />
<file name="btn-1-red-m-bg.png" local="129453926040000000" remote="129564584400000000" testing="0" />
<file name="btn-1-red-r-bg.png" local="129453925680000000" remote="129564584400000000" testing="0" />
<file name="btn-1-green-l-bg.png" local="129453927520000000" remote="129564584400000000" testing="0" />
<file name="btn-1-green-m-bg.png" local="129453928260000000" remote="129564584400000000" testing="0" />
<file name="btn-1-green-r-bg.png" local="129453927800000000" remote="129564584400000000" testing="0" />
<file name="btn-1-black-l-bg.png" local="129453930480000000" remote="129564584400000000" testing="0" />
<file name="btn-1-black-m-bg.png" local="129453930960000000" remote="129564584400000000" testing="0" />
<file name="btn-1-black-r-bg.png" local="129453930640000000" remote="129564584400000000" testing="0" />
<file name="btn-1-white-l-bg.png" local="129453935060000000" remote="129564584400000000" testing="0" />
<file name="btn-1-white-m-bg.png" local="129453943240000000" remote="129564584400000000" testing="0" />
<file name="btn-1-white-r-bg.png" local="129453942820000000" remote="129564584400000000" testing="0" />
<file name="btn-2-blue-l-bg.png" local="129453946880000000" remote="129564584400000000" testing="0" />
<file name="btn-2-blue-m-bg.png" local="129453947920000000" remote="129564584400000000" testing="0" />
<file name="btn-2-blue-r-bg.png" local="129453947020000000" remote="129564584400000000" testing="0" />
<file name="btn-2-orange-l-bg.png" local="129453949660000000" remote="129564584400000000" testing="0" />
<file name="btn-2-orange-m-bg.png" local="129453950120000000" remote="129564584400000000" testing="0" />
<file name="btn-2-orange-r-bg.png" local="129453949780000000" remote="129564584400000000" testing="0" />
<file name="btn-2-red-l-bg.png" local="129453959220000000" remote="129564584400000000" testing="0" />
<file name="btn-2-red-m-bg.png" local="129453959600000000" remote="129564584400000000" testing="0" />
<file name="btn-2-red-r-bg.png" local="129453959340000000" remote="129564584400000000" testing="0" />
<file name="btn-2-green-l-bg.png" local="129453960300000000" remote="129564584400000000" testing="0" />
<file name="btn-2-green-m-bg.png" local="129453960720000000" remote="129564584400000000" testing="0" />
<file name="btn-2-green-r-bg.png" local="129453960460000000" remote="129564584400000000" testing="0" />
<file name="btn-2-black-l-bg.png" local="129453965140000000" remote="129564584400000000" testing="0" />
<file name="btn-2-black-m-bg.png" local="129453965640000000" remote="129564584400000000" testing="0" />
<file name="btn-2-black-r-bg.png" local="129453965240000000" remote="129564584400000000" testing="0" />
<file name="btn-2-white-l-bg.png" local="129453966620000000" remote="129564584400000000" testing="0" />
<file name="btn-2-white-m-bg.png" local="129453967060000000" remote="129564584400000000" testing="0" />
<file name="btn-2-white-r-bg.png" local="129453966720000000" remote="129564584400000000" testing="0" />
<file name="ico-list-check.png" local="129441774720000000" remote="129564584400000000" testing="0" />
<file name="ico-list-crossout.png" local="129441777940000000" remote="129564584400000000" testing="0" />
<file name="ico-list-cross.png" local="129441779720000000" remote="129564584400000000" testing="0" />
<file name="ico-list-circle.png" local="129441781140000000" remote="129564584400000000" testing="0" />
<file name="ico-list-cubecross.png" local="129441788740000000" remote="129564584400000000" testing="0" />
<file name="body-bg.jpg" local="129368349040000000" remote="129564583800000000" testing="0" />
<file name="content-wrapper-bg.jpg" local="129368351240000000" remote="129564583800000000" testing="0" />
<file name="content-left-side-bg.png" local="129387276600000000" remote="129564583800000000" testing="0" />
<file name="header-wrapper-bg.jpg" local="129364870260000000" remote="129564584400000000" testing="0" />
<file name="doves-1.png" local="129364886800000000" remote="129564584400000000" testing="0" />
<file name="searchform-input-text-bg.png" local="129364907180000000" remote="129564583800000000" testing="0" />
<file name="searchform-input-button-bg.png" local="129452972800000000" remote="129564583800000000" testing="0" />
<file name="menu-primary-wrapper-bg.png" local="129364918120000000" remote="129564583800000000" testing="0" />
<file name="menu-item-border.png" local="129364928820000000" remote="129564583800000000" testing="0" />
<file name="menu-item-act.png" local="129364952540000000" remote="129564583800000000" testing="0" />
<file name="ico-bullet-blue-1.png" local="129368337720000000" remote="129564583800000000" testing="0" />
<file name="jqueryslidemenu-bg.png" local="129368341300000000" remote="129564583800000000" testing="0" />
<file name="ico-bullet-1.png" local="129364926100000000" remote="129564583800000000" testing="0" />
<file name="jqueryslidemenu-sub-level-bg.png" local="129368340300000000" remote="129564583800000000" testing="0" />
<file name="top-stories-tag.png" local="129364969540000000" remote="129564583800000000" testing="0" />
<file name="rosary.png" local="129368354560000000" remote="129564583800000000" testing="0" />
<file name="homepage-slider-rounded-corners.png" local="129364980360000000" remote="129564583800000000" testing="0" />
<file name="ico-bullet-2.png" local="129454676860000000" remote="129564583800000000" testing="0" />
<file name="ico-bullet-9.png" local="129442602740000000" remote="129564583800000000" testing="0" />
<file name="ico-bullet-10.png" local="129442609940000000" remote="129564583800000000" testing="0" />
<file name="homepage-slider-title-bg.png" local="129368443400000000" remote="129564583800000000" testing="0" />
<file name="image-shadow-1.png" local="129343297640000000" remote="129564583800000000" testing="0" />
<file name="line-h-dashed-1.png" local="129368371320000000" remote="129564583800000000" testing="0" />
<file name="shortcode-spacer-1.png" local="129368439080000000" remote="129564583800000000" testing="0" />
<file name="more-link-bg.jpg" local="129368427360000000" remote="129564583800000000" testing="0" />
<file name="more-link-hover-bg.jpg" local="129368427260000000" remote="129564583800000000" testing="0" />
<file name="block-1-header-bg.png" local="129368461360000000" remote="129564583800000000" testing="0" />
<file name="block-1-content-bg.png" local="129370088060000000" remote="129564583800000000" testing="0" />
<file name="block-2-header-bg.png" local="129370160520000000" remote="129564583800000000" testing="0" />
<file name="block-2-content-bg.png" local="129370741600000000" remote="129564583800000000" testing="0" />
<file name="line-h-dashed-2.png" local="129370104120000000" remote="129564583800000000" testing="0" />
<file name="image-shadow-2.png" local="129310431280000000" remote="129564583800000000" testing="0" />
<file name="ico-bullet-6.png" local="129387326240000000" remote="129564583800000000" testing="0" />
<file name="ico-comments-2.png" local="129452902140000000" remote="129564583800000000" testing="0" />
<file name="footer-wrapper-bg.jpg" local="129446957580000000" remote="129564583800000000" testing="0" />
<file name="ico-phone-1.png" local="129446950620000000" remote="129564583800000000" testing="0" />
<file name="ico-email-1.png" local="129446951920000000" remote="129564583800000000" testing="0" />
<file name="footer-spacer-1.png" local="129446991360000000" remote="129564583800000000" testing="0" />
<file name="ico-facebook-2.png" local="129307836760000000" remote="129564583800000000" testing="0" />
<file name="ico-twitter-2.png" local="129307837060000000" remote="129564583800000000" testing="0" />
<file name="ico-digg-2.png" local="129322368180000000" remote="129564583800000000" testing="0" />
<file name="ico-rss-2.png" local="129307839360000000" remote="129564583800000000" testing="0" />
<file name="cross-hill.png" local="129446944920000000" remote="129564583800000000" testing="0" />
<file name="footer-wrapper-2-bg.png" local="129447000980000000" remote="129564583800000000" testing="0" />
<file name="top-stories-rounded-corners.png" local="129381276100000000" remote="129564583800000000" testing="0" />
<file name="image-shadow-3.png" local="129343359660000000" remote="129564583800000000" testing="0" />
<file name="section-spacer-l-bg.png" local="129382056900000000" remote="129564583800000000" testing="0" />
<file name="section-spacer-m-bg.png" local="129382057760000000" remote="129564583800000000" testing="0" />
<file name="section-spacer-r-bg.png" local="129382057080000000" remote="129564583800000000" testing="0" />
<file name="image-shadow-4.png" local="129309595300000000" remote="129564583800000000" testing="0" />
<file name="ico-time-1.png" local="129452898240000000" remote="129564583800000000" testing="0" />
<file name="ico-section-1.png" local="129452900060000000" remote="129564583800000000" testing="0" />
<file name="btn-1-l-bg.png" local="129452920940000000" remote="129564583800000000" testing="0" />
<file name="btn-1-m-bg.png" local="129452921280000000" remote="129564583800000000" testing="0" />
<file name="btn-1-r-bg.png" local="129452921060000000" remote="129564583800000000" testing="0" />
<file name="ico-bullet-4.png" local="129452926320000000" remote="129564583800000000" testing="0" />
<file name="ico-bullet-5.png" local="129452925420000000" remote="129564583800000000" testing="0" />
<file name="ico-bullet-11.png" local="129442655500000000" remote="129564583800000000" testing="0" />
<file name="ico-bullet-8.png" local="129437419660000000" remote="129564583800000000" testing="0" />
<file name="gallery-preview-box-top-bg.png" local="129391728420000000" remote="129564583800000000" testing="0" />
<file name="gallery-preview-box-bottom-bg.png" local="129391731000000000" remote="129564583800000000" testing="0" />
<file name="ico-photo-1.png" local="129206783160000000" remote="129564583800000000" testing="0" />
<file name="ico-time-2.png" local="129453098760000000" remote="129564583800000000" testing="0" />
<file name="comments-item-author-body-bg.png" local="129395246360000000" remote="129564583800000000" testing="0" />
<file name="comments-item-author-tag-1.png" local="129395250500000000" remote="129564583800000000" testing="0" />
<file name="tabs-1-bg.png" local="129391769560000000" remote="129564583800000000" testing="0" />
<file name="tab-1-l-bg.png" local="129391773100000000" remote="129564583800000000" testing="0" />
<file name="tab-1-m-bg.png" local="129391775320000000" remote="129564583800000000" testing="0" />
<file name="tab-1-r-bg.png" local="129391773500000000" remote="129564583800000000" testing="0" />
<file name="line-h-rope-1.png" local="129394365780000000" remote="129564583800000000" testing="0" />
<file name="ico-bullet-7.png" local="129394363780000000" remote="129564583800000000" testing="0" />
<file name="image-shadow-6.png" local="129313899200000000" remote="129564583800000000" testing="0" />
<file name="blank.gif" local="129207632960000000" remote="129564583800000000" testing="0" />
<file name="open-thumbnails-active.png" local="129206807620000000" remote="129564583800000000" testing="0" />
<file name="image-shadow-7.png" local="129351870140000000" remote="129564583800000000" testing="0" />
<file name="image-shadow-8.png" local="129351984700000000" remote="129564583800000000" testing="0" />
<file name="blank.png" local="129453002980000000" remote="129564583800000000" testing="0" />
<file name="favicon.ico" local="129367320900000000" remote="129564583800000000" testing="0" />
<file name="homepage-slider-btn-next-bg.png" local="129441885920000000" remote="129564584400000000" testing="0" />
<file name="homepage-slider-btn-previous-bg.png" local="129441895300000000" remote="129564584400000000" testing="0" />
<file name="ico-believes-1.png" local="129368377120000000" remote="129564584400000000" testing="0" />
<file name="ico-bullet-3.png" local="129370176400000000" remote="129564584400000000" testing="0" />
<file name="ico-comments-1.png" local="129392367200000000" remote="129564584400000000" testing="0" />
<file name="ico-compasion-1.png" local="129368386740000000" remote="129564584400000000" testing="0" />
<file name="ico-digg-1.png" local="129322367880000000" remote="129564583800000000" testing="0" />
<file name="ico-facebook-1.png" local="129307720440000000" remote="129564583800000000" testing="0" />
<file name="ico-linkedin-1.png" local="129322369240000000" remote="129564583800000000" testing="0" />
<file name="ico-linkedin-2.png" local="129322369680000000" remote="129564584400000000" testing="0" />
<file name="ico-our-church-1.png" local="129368379080000000" remote="129564584400000000" testing="0" />
<file name="ico-our-work-1.png" local="129368377420000000" remote="129564584400000000" testing="0" />
<file name="ico-rss-1.png" local="129307719700000000" remote="129564583800000000" testing="0" />
<file name="ico-twitter-1.png" local="129307720040000000" remote="129564583800000000" testing="0" />
<file name="ico-user-1.png" local="129395157880000000" remote="129564584400000000" testing="0" />
<file name="image-1.jpg" local="129364948660000000" remote="129564584400000000" testing="0" />
<file name="image-10.jpg" local="129387362040000000" remote="129564584400000000" testing="0" />
<file name="image-11.jpg" local="129391711960000000" remote="129564584400000000" testing="0" />
<file name="image-12.jpg" local="129391731480000000" remote="129564584400000000" testing="0" />
<file name="image-13.jpg" local="129391731600000000" remote="129564584400000000" testing="0" />
<file name="image-14.jpg" local="129391732480000000" remote="129564584400000000" testing="0" />
<file name="image-15.jpg" local="129391732640000000" remote="129564584400000000" testing="0" />
<file name="image-16.jpg" local="129394369980000000" remote="129564584400000000" testing="0" />
<file name="image-17.jpg" local="129394370620000000" remote="129564584400000000" testing="0" />
<file name="image-18.jpg" local="129394374240000000" remote="129564584400000000" testing="0" />
<file name="image-19.jpg" local="129394374560000000" remote="129564584400000000" testing="0" />
<file name="image-2.jpg" local="129370090120000000" remote="129564584400000000" testing="0" />
<file name="image-20.jpg" local="129395058120000000" remote="129564584400000000" testing="0" />
<file name="image-21.jpg" local="129395058260000000" remote="129564584400000000" testing="0" />
<file name="image-22.jpg" local="129395058400000000" remote="129564584400000000" testing="0" />
<file name="image-23.jpg" local="129395058540000000" remote="129564584400000000" testing="0" />
<file name="image-24.jpg" local="129395084940000000" remote="129564584400000000" testing="0" />
<file name="image-25.jpg" local="129395090520000000" remote="129564584400000000" testing="0" />
<file name="image-26.jpg" local="129395092180000000" remote="129564584400000000" testing="0" />
<file name="image-27.jpg" local="129395092840000000" remote="129564584400000000" testing="0" />
<file name="image-28.jpg" local="129395094340000000" remote="129564584400000000" testing="0" />
<file name="image-29.jpg" local="129395097400000000" remote="129564584400000000" testing="0" />
<file name="image-3.jpg" local="129370102500000000" remote="129564584400000000" testing="0" />
<file name="image-30.jpg" local="129395098380000000" remote="129564584400000000" testing="0" />
<file name="image-31.jpg" local="129395099120000000" remote="129564584400000000" testing="0" />
<file name="image-32.jpg" local="129395102300000000" remote="129564584400000000" testing="0" />
<file name="image-33.jpg" local="129395103540000000" remote="129564584400000000" testing="0" />
<file name="image-34.jpg" local="129395109460000000" remote="129564584400000000" testing="0" />
<file name="image-35.jpg" local="129399531440000000" remote="129564584400000000" testing="0" />
<file name="image-36.jpg" local="129399520660000000" remote="129564584400000000" testing="0" />
<file name="image-37.jpg" local="129399523800000000" remote="129564584400000000" testing="0" />
<file name="image-38.jpg" local="129441831120000000" remote="129564584400000000" testing="0" />
<file name="image-39.jpg" local="129441829740000000" remote="129564584400000000" testing="0" />
<file name="image-4.jpg" local="129370109580000000" remote="129564584400000000" testing="0" />
<file name="image-40.jpg" local="129441830220000000" remote="129564584400000000" testing="0" />
<file name="image-41.jpg" local="129441832980000000" remote="129564584400000000" testing="0" />
<file name="image-42.jpg" local="129441833900000000" remote="129564584400000000" testing="0" />
<file name="image-43.jpg" local="129441836120000000" remote="129564584400000000" testing="0" />
<file name="image-44.jpg" local="129441839440000000" remote="129564584400000000" testing="0" />
<file name="image-45.jpg" local="129441855540000000" remote="129564584400000000" testing="0" />
<file name="image-46.jpg" local="129441857060000000" remote="129564584400000000" testing="0" />
<file name="image-47.jpg" local="129441857540000000" remote="129564584400000000" testing="0" />
<file name="image-48.jpg" local="129441859060000000" remote="129564584400000000" testing="0" />
<file name="image-49.jpg" local="129441859720000000" remote="129564585000000000" testing="0" />
<file name="image-5.jpg" local="129387223220000000" remote="129564584400000000" testing="0" />
<file name="image-50.jpg" local="129441860880000000" remote="129564585000000000" testing="0" />
<file name="image-51.jpg" local="129442657140000000" remote="129564584400000000" testing="0" />
<file name="image-51_m.jpg" local="129460730120000000" remote="129564583800000000" testing="0" />
<file name="image-52.jpg" local="129442657300000000" remote="129564584400000000" testing="0" />
<file name="image-52_m.jpg" local="129460730520000000" remote="129564583800000000" testing="0" />
<file name="image-53.jpg" local="129516102157959521" remote="129564584400000000" testing="0" />
<file name="image-53_m.jpg" local="129460730780000000" remote="129564583800000000" testing="0" />
<file name="image-54.jpg" local="129442657680000000" remote="129564584400000000" testing="0" />
<file name="image-54_m.jpg" local="129460731000000000" remote="129564583800000000" testing="0" />
<file name="image-55.jpg" local="129452886560000000" remote="129564583800000000" testing="0" />
<file name="image-6.jpg" local="129387229040000000" remote="129564584400000000" testing="0" />
<file name="image-7.jpg" local="129387230080000000" remote="129564584400000000" testing="0" />
<file name="image-8.jpg" local="129387275360000000" remote="129564584400000000" testing="0" />
<file name="image-9.jpg" local="129387357100000000" remote="129564584400000000" testing="0" />
<file name="image-shadow-5.png" local="129394975680000000" remote="129564585000000000" testing="0" />
<file name="line-h-dashed-3.png" local="129387339220000000" remote="129564585000000000" testing="0" />
<file name="logo-rayoflight-1.png" local="129364902320000000" remote="129564583800000000" testing="0" />
<file name="logo-rayoflight-2.png" local="129373456980000000" remote="129564585000000000" testing="0" />
<file name="more-link-bg.png" local="129368419820000000" remote="129564585000000000" testing="0" />
<file name="no-image-130x130.jpg" local="129435596640000000" remote="129564585000000000" testing="0" />
<file name="no-image-140x140.jpg" local="129458064680000000" remote="129564585000000000" testing="0" />
<file name="no-image-50x50.jpg" local="129435596640000000" remote="129564585000000000" testing="0" />
<file name="no-image-55x55.jpg" local="129458064680000000" remote="129564585000000000" testing="0" />
<file name="no-image-587x235.jpg" local="129435596640000000" remote="129564585000000000" testing="0" />
<file name="no-image-900x350.jpg" local="129435596640000000" remote="129564585000000000" testing="0" />
<file name="image-53_ORIG.jpg" local="129516101575386199" remote="129564585000000000" testing="0" />
</dwsync>